РЕГИСТРАЦИЯ И ВХОД,,,,,,,,,,,,,ПОКУПАТЕЛЬ,,,,,,,,,,,,,,,,,,,ПРОДАВЕЦ,,,,,,,,,,,,,,,,,,,,,,,АДМИН,,,,,,,,
WELCOME,,ВВОД ТЕЛЕФОНА (PHONE),,ПОДТВЕРЖДЕНИЕ КОДА (VERIFY),,НАСТРОЙКА ПРОФИЛЯ — ОБЩЕЕ,,PROFILESETUP — ВЕТКА ПОКУПАТЕЛЬ,,PROFILESETUP — ВЕТКА ПРОДАВЕЦ,,,ПРОФИЛЬ (ПОКУПАТЕЛЬ),,ЛЕНТА / КАТАЛОГ / ПОИСК,,КАРТОЧКА ТОВАРА / МАГАЗИН,,ИЗБРАННОЕ,,ЧАТЫ И ПЕРЕПИСКА,,ЗАКАЗЫ,,УВЕДОМЛЕНИЯ (НАСТРОЙКИ),,ПОМОЩЬ И ПРАВИЛА,,ОБЩАЯ НАВИГАЦИЯ (ПОКУПАТЕЛЬ),,,ПРОФИЛЬ (ПРОДАВЕЦ),,МОИ ОБЪЯВЛЕНИЯ (MYLISTINGS),,ДОБАВЛЕНИЕ ТОВАРА (ADDPRODUCT),,ЛЕНТА / КАТАЛОГ / ПОИСК,,КАРТОЧКА ТОВАРА / МАГАЗИН,,ИЗБРАННОЕ,,ЧАТЫ И ПЕРЕПИСКА,,ПРОДАЖИ (ORDERS),,УВЕДОМЛЕНИЯ (НАСТРОЙКИ),,ПОМОЩЬ И ПРАВИЛА,,ОБЩАЯ НАВИГАЦИЯ (ПРОДАВЕЦ),,,ВХОД В РАЗДЕЛ,,ADMINPANEL — ТАБЫ,,ИНВАЙТЫ,,ПОЛЬЗОВАТЕЛИ,,БЕЗОПАСНОСТЬ
Кнопка «Войти» -> экран ввода телефона,,Стрелка «Назад»,,Стрелка «Назад»,,Стрелка «Назад»,,Кнопка «Завершить» (неактивна без имени),,Поле «Код приглашения»,,,Кнопка «Редактировать профиль»,,Feed: карточка товара -> Product,,Product: кнопка «Назад»,,Карточка товара -> Product,,Chat: поле поиска по чатам,,Стрелка назад,,Стрелка назад,,Help: стрелка назад,,Таб «Главная»,,,Рейтинг «★ N.N · N отзывов» + бейдж «Продавец»,,Кнопка «Назад»,,Стрелка назад,,Feed: карточка товара -> Product,,Product: кнопка «Назад»,,Карточка товара -> Product,,Chat: поле поиска по чатам,,Стрелка назад,,Стрелка назад,,Help: стрелка назад,,Таб «Главная»,,,Профиль -> строка «Админ-панель» видна только при is_admin,,Стрелка «Назад»,,Кнопка «+ Создать инвайт»,,Кнопка «Забанить» -> статус меняется,,Deep link в AdminPanel без is_admin — не должен работать
"Ссылка «Условия» (проверить, что вообще кликается)",,Ввод номера телефона (маска +7 (XXX) XXX-XX-XX),,Ввод 4 цифр кода (авто-проверка),,Тап по аватару -> шторка выбора фото,,Кнопка «Завершить» (валидно) -> вход в приложение,,Поле «Название магазина»,,,Плитка «Заказы» -> Orders,,Feed: сердечко (добавить/убрать избранное),,Product: сердечко (лайк/избранное),,Сердечко на карточке (убрать),,Chat: «Выбрать» / «Готово»,,Строки сделок (проверить кликабельность),не кликаются ,Тумблер «Новые сообщения»,,Help: вопрос FAQ 1,,Таб «Каталог»,,,Кнопка «Редактировать профиль»,,Кнопка «+ Добавить товар» -> AddProduct,,Баннер ошибки справочников -> повтор,,Feed: сердечко (избранное),,Product: сердечко,,Сердечко на карточке (убрать),,Chat: «Выбрать» / «Готово»,,Строки сделок (проверить кликабельность),,Тумблер «Новые сообщения»,,Help: вопрос FAQ 1,,Таб «Каталог»,,,Переход в AdminPanel по этой строке,,Таб «Инвайты»,,Кнопка «Отозвать» (для «Активен»),,Кнопка «Разбанить» -> снимает бан,,Запросы бан/инвайт от не-админа отклоняются сервером
"Ссылка «Политика конфиденциальности» (проверить, что вообще кликается)",,Backspace до пустого поля (стирает префикс +7),,"Неверный код -> ошибка, поле сбрасывается",,Шторка -> «Сделать фото»,,"Сбой загрузки аватара -> алерт, регистрация без фото",,Кнопка «Отправить код продавцу»,,,Плитка «Избранное» -> вкладка Избранное,,Feed: pull-to-refresh,,Product: кнопка «Поделиться»,,Пустой список -> «Перейти к товарам»,,Chat: строка чата -> Conversation,,Пустой список -> «Пока нет заказов»,хз как проверить ,Тумблер «Статус сделки»,,Help: вопрос FAQ 2,,Таб «Избранное»,,,Плитка «Продажи» -> Orders,,Pull-to-refresh,,Дропдаун «Категория»,,Feed: pull-to-refresh,,Product: кнопка «Поделиться»,,Пустой список -> «Перейти к товарам»,,Chat: строка чата -> Conversation,,Пустой список -> «Пока нет продаж»,,Тумблер «Статус сделки»,,Help: вопрос FAQ 2,,Таб «Избранное»,,,,,Таб «Пользователи»,,Бейджи: Активен / Использован / Истёк / Отозван,,Ошибка бана/разбана -> алерт,,
,,Кнопка «Получить код» (неактивна < 10 цифр),,"Верный код, новый пользователь -> ProfileSetup",,Шторка -> «Выбрать из галереи»,,,,Неверный код приглашения -> ошибка,,,Строка «Уведомления» -> Notifications,,Feed: подгрузка страницы при скролле,,Product: строка продавца -> Shop,,,,Chat: строка (режим выбора) -> чекбокс,,,,Тумблер «Проверка подлинности»,,Help: вопрос FAQ 3,,Таб «Чат»,,,Плитка «Мои объявления» -> MyListings,,Карточка объявления -> Product,,Дропдаун «Бренд»,,Feed: подгрузка страницы,,Product: строка продавца -> Shop,,,,Chat: строка (режим выбора) -> чекбокс,,,,Тумблер «Проверка подлинности»,,Help: вопрос FAQ 3,,Таб «Чат»,,,,,,,Пустой список -> «Инвайтов пока нет»,,Ошибка загрузки -> текст ошибки,,
,,Кнопка «Получить код» (валидный номер) -> Verify,,"Верный код, существующий -> вход в приложение",,Шторка -> «Удалить фото» (если выбран),,,,Шаг OTP: поле «Код из SMS» (4 цифры),,,Строка «Чат с поддержкой» -> Conversation,,Feed: кнопка «Повторить» при ошибке,,Product: кнопка «Купить» -> Conversation,,,,Chat: кнопка «Прочитано»,,,,Тумблер «Снижение цены»,,Help: вопрос FAQ 4,,Таб «Профиль»,,,Строка «Уведомления» -> Notifications,,Иконка меню «⋮» на карточке,,Дропдаун «Цвет»,,Feed: кнопка «Повторить»,,Product: кнопка «Купить»,,,,Chat: кнопка «Прочитано»,,,,Тумблер «Снижение цены»,,Help: вопрос FAQ 4,,Таб «Профиль»,,,,,,,Ошибка загрузки -> текст ошибки,,,,
,,Ошибка отправки кода -> текст под полем,,Таймер повторной отправки (30 сек),,Шторка -> «Отмена» / тап по фону,,,,Шаг OTP: ссылка «Изменить код приглашения»,,,Строка «Помощь» -> Help,,Catalog: строка поиска -> Search,,Product: иконка чата -> Conversation,,,,Chat: кнопка «Удалить» -> подтверждение,,,,Тумблер «Новости и акции»,,Help: вопрос FAQ 5,,Переключение между вкладками и обратно,,,Строка «Чат с поддержкой» -> Conversation,,Меню -> «Отметить проданным»,,Дропдаун «Система размеров»,,Catalog: строка поиска -> Search,,Product: иконка чата,,,,Chat: кнопка «Удалить»,,,,Тумблер «Новости и акции»,,Help: вопрос FAQ 5,,,,,,,,,,,,,
,,,,Ссылка «Отправить код повторно» (после 0 сек),,Нет доступа к камере/галерее -> алерт,,,,Шаг OTP: кнопка «Подтвердить код» (неактивна < 4 цифр),,,Строка «Правила» -> Rules,,Catalog: чип категории (одиночный выбор),,Shop: кнопка «Назад»,,,,Conversation: стрелка назад,,,,,,Help: «Написать в поддержку» -> Conversation,,,,,Строка «Помощь» -> Help,,Меню -> «Удалить объявление» -> подтверждение,,Дропдаун «Размер»,,Catalog: чип категории,,Shop: кнопка «Назад»,,,,Conversation: стрелка назад,,,,,,Help: «Написать в поддержку»,,,,,,,,,,,,,
,,,,,,Недопустимое фото -> алерт «Это фото не подходит»,,,,Шаг OTP: кнопка «Подтвердить код» (верный) -> завершение,,,Строка «Выйти» -> диалог подтверждения,,Catalog: чип бренда (множественный выбор),,Shop: карточка товара -> Product,,,,Conversation: иконка телефона -> звонок,,,,,,Rules: стрелка назад,,,,,Строка «Правила» -> Rules,,Диалог удаления -> «Отмена»,,Поля «Обхват талии» / «Длина по шву»,,Catalog: чип бренда,,Shop: карточка товара -> Product,,,,Conversation: иконка телефона,,,,,,Rules: стрелка назад,,,,,,,,,,,,,
,,,,,,Поле «Введите имя»,,,,"Шаг OTP: неверный код -> ошибка, поле сбрасывается",,,Диалог выхода -> «Отмена»,,Catalog: карточка товара -> Product,,,,,,Conversation: иконка вложения -> фото,,,,,,,,,,,Строка «Выйти» -> подтверждение -> выход,,Диалог удаления -> «Удалить»,,Кнопка «+» добавить фото,,Catalog: карточка товара -> Product,,,,,,Conversation: иконка вложения,,,,,,,,,,,,,,,,,,,
,,,,,,Переключатель «Я покупатель»,,,,,,,Диалог выхода -> «Выйти» (реальный выход),,Search: поле поиска (дебаунс),,,,,,Conversation: «x» на превью фото,,,,,,,,,,,EditProfile: новый аватар -> обновляет и логотип магазина,,Бейдж «Активно» / «Продано»,,Удаление фото («x» на миниатюре),,Search: поле поиска,,,,,,Conversation: «x» на превью фото,,,,,,,,,,,,,,,,,,,
,,,,,,Переключатель «Я продавец»,,,,,,,EditProfile: стрелка «‹» назад,,Search: ссылка «Отмена»,,,,,,Conversation: поле ввода сообщения,,,,,,,,,,,"EditProfile: поле «Имя», кнопка «Сохранить»",,Пустой список -> «Объявлений пока нет»,,Чипы «Состояние»,,Search: ссылка «Отмена»,,,,,,Conversation: поле ввода,,,,,,,,,,,,,,,,,,,
,,,,,,,,,,,,,EditProfile: тап по аватару -> фото из галереи,,Search: чип популярного бренда,,,,,,Conversation: кнопка отправки,,,,,,,,,,,,,Ошибка загрузки -> «Повторить»,,Поле «Название»,,Search: чип популярного бренда,,,,,,Conversation: кнопка отправки,,,,,,,,,,,,,,,,,,,
,,,,,,,,,,,,,EditProfile: поле «Имя и фамилия»,,Search: строка «Недавнее» (тап),,,,,,Conversation: тап по фото -> полный экран,,,,,,,,,,,,,,,Поле «Цена»,,Search: строка «Недавнее»,,,,,,Conversation: тап по фото -> полный экран,,,,,,,,,,,,,,,,,,,
,,,,,,,,,,,,,EditProfile: поле «Телефон» — только просмотр,,Search: «x» у «Недавнее» (удалить),,,,,,Полный экран -> «x» / тап закрыть,,,,,,,,,,,,,,,Поле «Описание»,,Search: «x» у «Недавнее»,,,,,,Полный экран -> закрыть,,,,,,,,,,,,,,,,,,,
,,,,,,,,,,,,,EditProfile: кнопка «Сохранить»,,Search: карточка «Для вас» -> Product,,,,,,,,,,,,,,,,,,,,,Кнопка «Опубликовать» (неактивна),,Search: карточка «Для вас» -> Product,,,,,,,,,,,,,,,,,,,,,,,,,
,,,,,,,,,,,,,,,Search: карточка результата -> Product,,,,,,,,,,,,,,,,,,,,,Кнопка «Опубликовать» (валидно),,Search: карточка результата -> Product,,,,,,,,,,,,,,,,,,,,,,,,,
,,,,,,,,,,,,,,,,,,,,,,,,,,,,,,,,,,,,Экран успеха -> «Отлично»,,,,,,,,,,,,,,,,,,,,,,,,,,,
,,,,,,,,,,,,,,,,,,,,,,,,,,,,,,,,,,,,Ошибка публикации -> текст ошибки,,,,,,,,,,,,,,,,,,,,,,,,,,,